Rowid,ID,Codebase,Operator,Rule,File,Line,Function,Code context,Bigfile?,Flag,Compile,Format of PoC,Oracle,Github fixed version,CVE
1,1,Sqlite,*,int variable * int variable,sqlite3.c,131066,concatFuncCore,n += (argc-1)*nSep;,1,5,./configure --enable-debug "CFLAGS=-O0 -g -fsanitize=signed-integer-overflow",Python,runtime error: signed integer overflow: 6700417 * 641,https://github.com/sqlite/sqlite/commit/f4fc2ee20311a0a5141726c71d318ab52001c974,CVE-2025-29087
2,2,Sqlite,*,int variable * int variable,sqlite3.c,182375,setupLookaside,    nSm = (szAlloc - sz*nBig)/LOOKASIDE_SMALL;,0,5,./configure --enable-debug "CFLAGS=-O0 -g -fsanitize=signed-integer-overflow",C,runtime error: signed integer overflow: 1200 * 1893939,https://github.com/sqlite/sqlite/commit/56d2fd008b108109f489339f5fd55212bb50afd4,CVE-2025-29088
3,2+,Sqlite,*,int variable * int variable,sqlite3.c,182378,setupLookaside,    nSm = (szAlloc - sz*nBig)/LOOKASIDE_SMALL;,0,5,./configure --enable-debug "CFLAGS=-O0 -g -fsanitize=signed-integer-overflow",C,runtime error: signed integer overflow: 300 * 1893939,https://github.com/sqlite/sqlite/commit/56d2fd008b108109f489339f5fd55212bb50afd4,CVE-2025-29088
4,3,Sqlite,*,int variable * int variable * int literal,sqlite3.c,205143,fts3MatchinfoSize,      nVal = pInfo->nCol * pInfo->nPhrase * 3;,1,5,./configure --enable-debug "CFLAGS=-O0 -g -fsanitize=signed-integer-overflow -DSQLITE_FTS3_MAX_EXPR_DEPTH=19" && make,Python,"runtime error: signed integer overflow: 720000000 * 3 
cannot be represented in type 'int'",https://github.com/sqlite/sqlite/commit/136afcfcc1d12f7b9f3908d48a7c4f9ffedf727b,CVE-2025-52098
5,4,Sqlite,*,int variable * int variable,sqlite3.c,202775, fts3IncrmergeWriter,pWriter->aNodeWriter[i].iBlock = pWriter->iStart + i*pWriter->nLeafEst;,1,5,,,-,https://github.com/sqlite/sqlite/commit/9081b8972090289b0cb6fc98c7ecff5f7467d5a7,CVE-2025-63282
6,5,Sqlite,*,int variable * int literal,shell.c,1308,local_getline,nLine = nLine*2 + 100;,1,2,./configure --enable-debug "CFLAGS=-O0 -g -fsanitize=signed-integer-overflow",Python,"runtime error: signed integer overflow: 1677721550 * 2
cannot be represented in type 'int'",https://github.com/sqlite/sqlite/commit/92f91ca37d13bcd5b8c5e9f3d02f3bd1b52695dc,CVE-2025-61192
7,6,Sqlite,\+,int variable + int variable,shell.c,26694,get4byteInt,"return (a[0]<<24) + (a[1]<<16) + (a[2]<<8) + a[3];
",0,4,./configure --enable-debug "CFLAGS=-O0 -g -fsanitize=signed-integer-overflow",Txt,"With GDB we can confirm the root cause:
(gdb) b shell.c:26937
Breakpoint 1 at 0xa98bc: file shell.c, line 26937.
(gdb) r test.db
SQLite version 3.51.0 2025-09-09 10:28:06
Enter "".help"" for usage hints.
sqlite> .dbinfo
database page size:  4096
write format:        1
read format:         1
reserved bytes:      0
Breakpoint 1, shell_dbinfo_command (p=0x7fffffffc8f0, nArg=1, azArg=0x7fffffffb2a0) at shell.c:26937
26937       unsigned int val = get4byteInt(aHdr + ofst);
(gdb) print val
$1 = 0
(gdb) s
get4byteInt (a=0x7fffffffaca8 ""\377"") at shell.c:26865
26865     return (a[0]<<24) + (a[1]<<16) + (a[2]<<8) + a[3];
(gdb) print a[0]
$2 = 255 '\377'
(gdb) print a[1]
$3 = 0 '\000'
(gdb) s
26866   }
(gdb) print (a[0]<<24) + (a[1]<<16) + (a[2]<<8) + a[3]
$4 = -16777215

",https://github.com/sqlite/sqlite/commit/56d831e0648ffcea031da404d1112eafa4e3fed6,-
8,6+1,Sqlite,-,- int variable,shell.c,1432,integerValue,  return isNeg? -v : v;,0,1,./configure --enable-debug "CFLAGS=-O0 -g -fsanitize=signed-integer-overflow",SQL,shell.c:1432:20: runtime error: negation of -9223372036854775808 cannot be represented in type 'long long int'; cast to an unsigned type to negate this value to itself,https://github.com/sqlite/sqlite/commit/96455af9503094c862c1bf781d3c8d63883b707e,-
9,6+2,Sqlite,*,int variable * int literal +  int variable,shell.c,1422,integerValue,      v = v*10 + zArg[0] - '0';,0,4,./configure --enable-debug "CFLAGS=-O0 -g -fsanitize=signed-integer-overflow",SQL,shell.c:1422:16: runtime error: signed integer overflow: 9223372036854775800 + 56 cannot be represented in type 'long long int',https://github.com/sqlite/sqlite/commit/96455af9503094c862c1bf781d3c8d63883b707e,-
10,7,Sqlite,*=,int variable *= int variable,shell.c,1428,integerValue,v *= aMult[i].iMult;,0,4,./configure --enable-debug "CFLAGS=-O0 -g -fsanitize=signed-integer-overflow",SQL,"sqlite> .expert -sample 0x8000000000000000GB
shell.c:1428:9: runtime error: signed integer overflow: -9223372036854775808 * 1000000000 cannot be represented in type 'long long int'",https://github.com/sqlite/sqlite/commit/96455af9503094c862c1bf781d3c8d63883b707e,-
11,7+,Sqlite,-,- int variable,shell.c,24223,exec_prepared_stmt_columnar,"if( w<0 ) w = -w;
if( wx<0 ) wx = -wx;
if( mxWidth<0 ) mxWidth = -mxWidth;
if( wx<0 ) wx = -wx;",0,1,./configure --enable-debug "CFLAGS=-O0 -g -fsanitize=signed-integer-overflow",SQL,"shell.c:24223:17: runtime error: negation of -2147483648 cannot be represented in type 'int'; cast to an unsigned type to negate this value to itself
shell.c:24232:19: runtime error: negation of -2147483648 cannot be represented in type 'int'; cast to an unsigned type to negate this value to itself
shell.c:24041:27: runtime error: negation of -2147483648 cannot be represented in type 'int'; cast to an unsigned type to negate this value to itself
shell.c:24254:21: runtime error: negation of -2147483648 cannot be represented in type 'int'; cast to an unsigned type to negate this value to itself
Error: out of memory",https://github.com/sqlite/sqlite/commit/0f5a3f16f30dba4945339ec85a70da641d7977c8,CVE-2025-63286
12,8,Sqlite,-,- int variable,shell.c,1181,utf8_width_print, int aw = w < 0 ? -w : w;.,0,1,./configure --enable-debug "CFLAGS=-O0 -g -fsanitize=signed-integer-overflow",SQL,-,https://github.com/sqlite/sqlite/commit/33125645409cd909d4cdd19892fa9fa8e4d36dda,-
13,9,Sqlite,*,int variable * int variable,shell.c,6735,seriesFilter,      iTerm = pCur->ss.iBase + (iLimit - 1)*pCur->ss.iStep;,0,5,./configure --enable-debug "CFLAGS=-O0 -g -fsanitize=signed-integer-overflow",SQL,shell.c:6753:44: runtime error: signed integer overflow: 9223372036854775806 * 1000000000000000000 cannot be represented in type 'long long int',https://github.com/sqlite/sqlite/commit/b927708437e757485e19571ff5e476543d123e9e,CVE-2025-63274
14,10,Sqlite,*,int literal * int variable,shell.c,5341,base64,    nc = 4*(nv+2/3);,0,2,"./configure --enable-debug \
  ""CFLAGS=-O0 -g -fsanitize=signed-integer-overflow"" \
&& make
",SQL,"shell.c:5341:8: runtime error: signed integer overflow: 900000000 * 4 cannot be represented in type 'int'
Runtime error: base64 OOM",https://github.com/sqlite/sqlite/commit/feeacfb8977e939c36891c016b9fc94e9703d944,CVE-2025-63273
15,11,Sqlite,\+,int literal  + int variable,shell.c,5342,base64,nc += (nc+(B64_DARK_MAX-1))/B64_DARK_MAX + 1;,0,2,"./configure --enable-debug    ""CFLAGS=-O0 -g -fsanitize=address,signed-integer-overflow \
   -DSQLITE_MAX_SQL_LENGTH=2000000000 \
   -DSQLITE_MAX_LENGTH=2000000000"" && make",SQL,shell.c:5342:14: runtime error: signed integer overflow: 2147483580 + 71 cannot be represented in type 'int',https://github.com/sqlite/sqlite/commit/9b6bc61dbd9744ca01e1d25e31745858dbf4feb7,-
16,12,Sqlite,\+=,int literal  += int variable,shell.c,5342,base64,nc += (nc+(B64_DARK_MAX-1))/B64_DARK_MAX + 1;,0,2,"./configure --enable-debug    ""CFLAGS=-O0 -g -fsanitize=address,signed-integer-overflow \
   -DSQLITE_MAX_SQL_LENGTH=2000000000 \
   -DSQLITE_MAX_LENGTH=2000000000"" && make",SQL,shell.c:5342:8: runtime error: signed integer overflow: -2147483644 + -29826159 cannot be represented in type 'int',https://github.com/sqlite/sqlite/commit/9b6bc61dbd9744ca01e1d25e31745858dbf4feb7,-
17,13,Sqlite,\+=,int variable += int variable + int literal,shell.c,23232,set_table_name,  if( cQuote ) n += n+2;,1,2,"./configure --enable-debug \
  ""CFLAGS=-O0 -g -fsanitize=signed-integer-overflow \
   -DSQLITE_MAX_SQL_LENGTH=2000000000 \
   -DSQLITE_MAX_LENGTH=2000000000"" \
   && make
",Python,runtime error: signed integer overflow: 1073741823 + 1073741825 cannot be represented in type 'int',https://github.com/sqlite/sqlite/commit/2c88a2ffb5e6a88589de91e39d75b20ce963a94a,CVE-2025-?????
18,13+,Sqlite,*,int variable += int variable + int variable + int literal,shell.c,1478,appendText,p->nAlloc = p->nAlloc*2 + len + 20;,1,2,"./configure --enable-debug \
  ""CFLAGS=-O0 -g -fsanitize=signed-integer-overflow \
   -DSQLITE_MAX_SQL_LENGTH=2000000000 \
   -DSQLITE_MAX_LENGTH=2000000000"" \
   && make
",Python,shell.c:1563:26: runtime error: signed integer overflow: 1520000446 * 2 cannot be represented in type 'int' Error: out of memory,https://github.com/sqlite/sqlite/commit/4d488bd341dd23990db19554ab96b7df28ffc1bc,CVE-2025-63275
19,13+,Sqlite,*,int variable * int literal +  int literal,shell.c,22034,output_hex_blob,  char *zStr = sqlite3_malloc(nBlob*2 + 1);,0,2,"./configure --enable-debug \
  ""CFLAGS=-O0 -g -fsanitize=signed-integer-overflow \
   -DSQLITE_MAX_SQL_LENGTH=2000000000 \
   -DSQLITE_MAX_LENGTH=2000000000"" \
   && make
",SQL,shell.c:22034:36: runtime error: signed integer overflow: 1073741824 * 2 cannot be represented in type 'int',https://github.com/sqlite/sqlite/commit/31efe5a0f2f80a263457a1fc6524783c0c45769b,CVE-2025-63275
20,14,Sqlite,\+, int variable +  int variable  ,shell.c,25650,readHexDb,  n = (n+pgsz-1)&~(pgsz-1);,0,2,./configure --enable-debug "CFLAGS=-O0 -g -fsanitize=signed-integer-overflow",Txt,Error: out of memory,https://github.com/sqlite/sqlite/commit/6553a5d6a69bcfd261d1055dfd86f37b7b851e27,CVE-2025-?????
21,14+,Sqlite,\+, int variable +  int variable  ,shell.c,25671,readHexDb,      k = iOffset+j;,0,5,./configure --enable-debug "CFLAGS=-O0 -g -fsanitize=signed-integer-overflow",Txt,Error: out of memory,https://github.com/sqlite/sqlite/commit/6553a5d6a69bcfd261d1055dfd86f37b7b851e27,CVE-2025-?????
22,15,Sqlite,\+, int variable +  int literal,shell.c,25672,readHexDb,      if( k+16<=n && k>=0 ){,0,5,./configure --enable-debug "CFLAGS=-O0 -g -fsanitize=signed-integer-overflow",Txt,Error: out of memory,https://github.com/sqlite/sqlite/commit/6553a5d6a69bcfd261d1055dfd86f37b7b851e27,CVE-2025-?????
23,16,Sqlite,*,int variable * int literal +  int variable,shell.c,7620,re_subcompile_string,        while( (c=rePeek(p))>='0' && c<='9' ){ m = m*10 + c - '0'; p->sIn.i++; },0,4,./configure --enable-debug "CFLAGS=-O0 -g -fsanitize=signed-integer-overflow",SQL,shell.c:7620:53: runtime error: signed integer overflow: 429496729 * 10 cannot be represented in type 'int',https://github.com/sqlite/sqlite/commit/80d74f09347372105731952acd47d79fd072a5d1,CVE-2025-?????
24,17,Sqlite,*,int variable * int literal +  int variable,shell.c,7625,re_subcompile_string,while( (c=rePeek(p))>='0' && c<='9' ){ n = n*10 + c-'0'; p->sIn.i++; },0,4,./configure --enable-debug "CFLAGS=-O0 -g -fsanitize=signed-integer-overflow",SQL,shell.c:7625:55: runtime error: signed integer overflow: 429496729 * 10 cannot be represented in type 'int',https://github.com/sqlite/sqlite/commit/80d74f09347372105731952acd47d79fd072a5d1,CVE-2025-?????
25,17+1,Sqlite,\+, int variable +  int variable  ,shell.c,25650,readHexDb,  n = (n+pgsz-1)&~(pgsz-1);,0,2,./configure --enable-debug "CFLAGS=-O0 -g -fsanitize=signed-integer-overflow",Txt,"sqlite> .open -hexdb 1.txt
Error: out of memory",https://github.com/sqlite/sqlite/commit/c090488133359762c97956254d14f487cde0c9c5,CVE-2025-?????
26,17+2,Sqlite,\+=,int variable * int literal +  int literal,shell.c,26245,import_append_char,p->nAlloc += p->nAlloc + 100,1,2,./configure --enable-debug "CFLAGS=-O0 -g -fsanitize=signed-integer-overflow",Python + csv,"runtime error: signed integer overflow: 1677721500 + 1677721600 cannot be represented in type 'int'
Error: out of memory",https://github.com/sqlite/sqlite/commit/18af48759740575bb6270e0a239853797067b2a0,CVE-2025-63280
27,17+2+1,Sqlite,-,int variable * int variable,shell.c,6733,seriesFilter,sqlite3_int64 szStep = -pCur->ss.iStep;,0,1,./configure --enable-debug "CFLAGS=-O0 -g -fsanitize=signed-integer-overflow",SQL,"sqlite>  SELECT * FROM generate_series(1,10,-9223372036854775808) WHERE value = 5;
shell.c:6733:21: runtime error: negation of -9223372036854775808 cannot be represented in type 'long long int'; cast to an unsigned type to negate this value to itself
sqlite3: shell.c:6734: seriesFilter: Assertion `szStep>0' failed.
Aborted (core dumped)",https://github.com/sqlite/sqlite/commit/54f296389c4b213d4c2af3cb34e3181354956b9d,CVE-2025-63274
28,18,Sqlite,-,int variable * int variable,shell.c,6736,seriesFilter,sqlite3_uint64 d = pCur->ss.iBase - iMax;,0,5,./configure --enable-debug "CFLAGS=-O0 -g -fsanitize=signed-integer-overflow",SQL,"shell.c:6736:43: runtime error: signed integer overflow: 10 - -9223372036854775798 cannot be represented in type 'long long int'
12",https://github.com/sqlite/sqlite/commit/54f296389c4b213d4c2af3cb34e3181354956b9d,CVE-2025-63274
29,19,Sqlite,\+=,int variable * int variable,shell.c,6749,seriesFilter,      pCur->ss.iBase += pCur->ss.iStep*iOffset;,0,5,./configure --enable-debug "CFLAGS=-O0 -g -fsanitize=signed-integer-overflow",SQL,"shell.c:6749:39: runtime error: signed integer overflow: 9223372036854775807 * 2 cannot be represented in type 'long long int'
-1
1
3
5
7
9",https://github.com/sqlite/sqlite/commit/54f296389c4b213d4c2af3cb34e3181354956b9d,CVE-2025-63274
30,20,Sqlite,\+=,int variable * int variable,shell.c,6749,seriesFilter,      pCur->ss.iBase += pCur->ss.iStep*iOffset;,0,5,./configure --enable-debug "CFLAGS=-O0 -g -fsanitize=signed-integer-overflow",SQL,"shell.c:6749:22: runtime error: signed integer overflow: 1 + 9223372036854775807 cannot be represented in type 'long long int'
-9223372036854775808
-9223372036854775807
-9223372036854775806
-9223372036854775805
-9223372036854775804",https://github.com/sqlite/sqlite/commit/54f296389c4b213d4c2af3cb34e3181354956b9d,CVE-2025-63274
31,21,Sqlite,-,- int variable,sqlite3.c,209755,jsonReturnFromBlob,"        sqlite3_result_int64(pCtx, bNeg ? -iRes : iRes);",0,1,./configure --enable-debug "CFLAGS=-O0 -g -fsanitize=signed-integer-overflow",SQL,"sqlite3.c:209755:9: runtime error: negation of -9223372036854775808 cannot be represented in type 'long long int'; cast to an unsigned type to negate this value to itself
-9223372036854775808",https://github.com/sqlite/sqlite/commit/7e38287da43ea3b661da3d8c1f431aa907d648c9,CVE-2025-63278
32,22,Sqlite,\+,int variable + int variable,sqlite3.c,255949,fts5LocaleFunc,    nBlob = FTS5_LOCALE_HDR_SIZE + nLocale + 1 + nText;,0,2,"./configure --enable-debug --enable-fts5 \
 ""CFLAGS=-O0 -g -fsanitize=signed-integer-overflow \
  -DSQLITE_MAX_SQL_LENGTH=2000000000 \
  -DSQLITE_MAX_LENGTH=2000000000"" \
&& make",SQL,sqlite3.c:255949:11: runtime error: signed integer overflow: 1073741823 + 1073741841 cannot be represented in type 'int',https://github.com/sqlite/sqlite/commit/5b15123fba29709ff32a0aaa13f223223989d369,CVE-2025-63277
33,23,Sqlite,*,int literal * int variable,shell.c,5722,base85,nc = 5*(nv/4) + nv%4 + nv/64+1 + 2;,0,2,"./configure --enable-debug --enable-fts5 \
 ""CFLAGS=-O0 -g -fsanitize=signed-integer-overflow \
  -DSQLITE_MAX_SQL_LENGTH=2000000000 \
  -DSQLITE_MAX_LENGTH=2000000000"" \
&& make",SQL,"sqlite> select base85(zeroblob(2000000000));
shell.c:5722:11: runtime error: signed integer overflow: 500000000 * 5 cannot be represented in type 'int'",https://github.com/sqlite/sqlite/commit/9b6bc61dbd9744ca01e1d25e31745858dbf4feb7,-
34,24,Sqlite,*,int literal * int variable,shell.c,5342,base64,nc = 4*((nv+2)/3);,0,2,"./configure --enable-debug --enable-fts5 \
 ""CFLAGS=-O0 -g -fsanitize=signed-integer-overflow \
  -DSQLITE_MAX_SQL_LENGTH=2000000000 \
  -DSQLITE_MAX_LENGTH=2000000000"" \
&& make",SQL,"sqlite> select base64(zeroblob(2000000000));
shell.c:5341:8: runtime error: signed integer overflow: 666666667 * 4 cannot be represented in type 'int'",https://github.com/sqlite/sqlite/commit/9b6bc61dbd9744ca01e1d25e31745858dbf4feb7,-
35,25,Sqlite,*,int variable * int variable,shell.c,33124,main,      if( sz*n==0 ) data.shellFlgs &= ~SHFLG_Lookaside;,0,5,./configure --enable-debug "CFLAGS=-O0 -g -fsanitize=signed-integer-overflow",Bash,shell.c:33124:13: runtime error: signed integer overflow: 2147483647 * 2 cannot be represented in type 'int',https://github.com/sqlite/sqlite/commit/e15ef5b756d6195c5dc06294c5a01aee60932205,-
36,26,Sqlite,*=,int variable *= int literal,shell.c,23983,print_box_line,  N *= 3;,0,2,"./configure --enable-debug --enable-fts5 \
 ""CFLAGS=-O0 -g -fsanitize=signed-integer-overflow \
  -DSQLITE_MAX_SQL_LENGTH=2000000000 \
  -DSQLITE_MAX_LENGTH=2000000000"" \
&& make",SQL,runtime error: signed integer overflow: -1294967290 * 3 cannot be represented in type 'int',https://github.com/sqlite/sqlite/commit/0f5a3f16f30dba4945339ec85a70da641d7977c8,CVE-2025-63286
37,27,Sqlite,*,int variable * int literal ,sqlite3.c,97135,sqlite3VdbeExec,serial_type += pRec->u.nZero*2;,0,2,"./configure --enable-debug --enable-fts5 \
 ""CFLAGS=-O0 -g -fsanitize=signed-integer-overflow \
  -DSQLITE_MAX_SQL_LENGTH=2000000000 \
  -DSQLITE_MAX_LENGTH=2000000000"" \
&& make",SQL,sqlite3.c:97135:37: runtime error: signed integer overflow: 1073741824 * 2 cannot be represented in type 'int',https://github.com/sqlite/sqlite/commit/264bcad69a449ecc46fd47859162d0536b1214a0,-
38,28,Sqlite,NA,NA,sqlite3.c,94318,vdbeColumnFromOverflow,"int t,",0,5,"./configure --enable-debug --enable-fts5 \
 ""CFLAGS=-O0 -g -fsanitize=signed-integer-overflow \
  -DSQLITE_MAX_SQL_LENGTH=2000000000 \
  -DSQLITE_MAX_LENGTH=2000000000"" \
&& make",SQL,"sqlite> .read poc.sql
sqlite3: sqlite3.c:95693: vdbeColumnFromOverflow: Assertion `t>=12' failed.
Aborted (core dumped)",https://github.com/sqlite/sqlite/commit/59e1ab5576090783a2276d0be98c0c8a1ef03247,CVE-2025-63287
39,29,Sqlite,\+,int variable + int variable,sqlite3.c,95338,sqlite3VdbeExec,  nByte = pIn1->n + pIn2->n;,0,5,"./configure --enable-debug --enable-fts5 \
 ""CFLAGS=-O0 -g -fsanitize=signed-integer-overflow \
  -DSQLITE_MAX_SQL_LENGTH=2000000000 \
  -DSQLITE_MAX_LENGTH=2000000000"" \
&& make",SQL,sqlite3.c:95338:19: runtime error: signed integer overflow: 1000000000 + 1147483648 cannot be represented in type 'int',https://github.com/sqlite/sqlite/commit/ee4676b3f77b6e92aab7c9fde87304030329533f,-
40,30,Sqlite,\+,int variable + int variable,sqlite3.c,243706,fts5DataRead,      sqlite3_int64 nAlloc = szData + nByte + FTS5_DATA_PADDING;,0,5,"./configure --enable-debug --enable-fts5 \
 ""CFLAGS=-O0 -g -fsanitize=signed-integer-overflow \
  -DSQLITE_MAX_SQL_LENGTH=2000000000 \
  -DSQLITE_MAX_LENGTH=2000000000"" \
&& make",-,-,https://github.com/sqlite/sqlite/commit/264bcad69a449ecc46fd47859162d0536b1214a0,-
41,31,Sqlite,\+,int variable + int variable + int literial,shell.c,4252,decimalMul,acc = sqlite3_malloc64( pA->nDigit + pB->nDigit + 2 );,0,2,"./configure --enable-debug --enable-fts5 \
 ""CFLAGS=-O0 -g -fsanitize=signed-integer-overflow \
  -DSQLITE_MAX_SQL_LENGTH=2000000000 \
  -DSQLITE_MAX_LENGTH=2000000000"" \
&& make",SQL,shell.c:4252:51: runtime error: signed integer overflow: 2147483646 + 2 cannot be represented in type 'int',https://github.com/sqlite/sqlite/commit/abe709be8d7b7d30999b4477e1cbdb104f33206c,-
42,32,Sqlite,*,int variable * int literial,shell.c,31462,do_meta_command,int n2 = nAlloc*2 + 10;,0,2,"./configure --enable-debug --enable-fts5 \
 ""CFLAGS=-O0 -g -fsanitize=signed-integer-overflow \
  -DSQLITE_MAX_SQL_LENGTH=2000000000 \
  -DSQLITE_MAX_LENGTH=2000000000"" \
&& make",Python,-,https://github.com/sqlite/sqlite/commit/34c1e04cbf1b5d7af6bc11e0b078d1853b996bd0,CVE-2025-?????
43,33,Sqlite,\+,int variable + int variable,shell.c,4805,percentBinarySearch,int iMid = (iFirst+iLast)/2;,1,5,"./configure --enable-debug --enable-fts5 \
 ""CFLAGS=-O0 -g -fsanitize=signed-integer-overflow \
  -DSQLITE_MAX_SQL_LENGTH=2000000000 \
  -DSQLITE_MAX_LENGTH=2000000000"" \
&& make",-,-,https://github.com/sqlite/sqlite/commit/21c57abc535121fc5d02a1ebbf815e8fc45f4295,-
44,34,Sqlite,\++,int variable ++,shell.c,14455,idxPopulateOneStat1,astat[0]++;,1,3,"./configure --enable-debug --enable-fts5 \
 ""CFLAGS=-O0 -g -fsanitize=signed-integer-overflow \
  -DSQLITE_MAX_SQL_LENGTH=2000000000 \
  -DSQLITE_MAX_LENGTH=2000000000"" \
&& make",Python,"shell.c:14098:15: runtime error: signed integer overflow: 2147483647 + 1 cannot be represented in type 'int'
(no new indexes)
SCAN t
",https://github.com/sqlite/sqlite/commit/efe8ae567c4c78269a6bf32913e4b73554dae181,-
45,35,Sqlite,\++,int variable ++,shell.c,25658,readHexDb,"  for(nLine++; sqlite3_fgets(zLine, sizeof(zLine), in)!=0; nLine++){",1,3,./configure --enable-debug "CFLAGS=-O0 -g -fsanitize=signed-integer-overflow",Python,runtime error: signed integer overflow: 2147483647 + 1 cannot be represented in type 'int',https://github.com/sqlite/sqlite/commit/95c188d55740c72d2525d2eb9715e56e3db8e862,-
46,36,Sqlite,\++,int variable ++,shell.c,32506,process_input,    p->lineno++;,1,3,./configure --enable-debug "CFLAGS=-O0 -g -fsanitize=signed-integer-overflow",Python,shell.c:32506:14: runtime error: signed integer overflow: 2147483647 + 1 cannot be represented in type 'int',https://github.com/sqlite/sqlite/commit/9c0770537f5227078ca1cafa53b877db5e106b85,-
47,37,Sqlite,\++,int variable ++,sqlite3.c,180571,sqlite3GetToken,      for(i=1; sqlite3Isspace(z[i]); i++){},1,3,./configure --enable-debug "CFLAGS=-O0 -g -fsanitize=signed-integer-overflow",Python,"sqlite3.c:180571:39: runtime error: signed integer overflow: 2147483647 + 1 cannot be represented in type 'int'
Segmentation fault (core dumped)",https://github.com/sqlite/sqlite/commit/acdda1075da9dc6c53a9191b4c03711027a66030,CVE-2025-?????
48,38,Sqlite,\++,int variable ++,sqlite3.c,180687,sqlite3GetToken,      for(i=1; (c=z[i])!=0; i++){,1,3,./configure --enable-debug "CFLAGS=-O0 -g -fsanitize=signed-integer-overflow",Python,"sqlite3.c:180687:30: runtime error: signed integer overflow: 2147483647 + 1 cannot be represented in type 'int'
Segmentation fault (core dumped)",https://github.com/sqlite/sqlite/commit/acdda1075da9dc6c53a9191b4c03711027a66030,CVE-2025-?????
49,39,Sqlite,\++,int variable ++,sqlite3.c,180612,sqlite3GetToken,"      for(i=3, c=z[2]; (c!='*' || z[i]!='/') && (c=z[i])!=0; i++){}",1,3,./configure --enable-debug "CFLAGS=-O0 -g -fsanitize=signed-integer-overflow",Python,"sqlite3.c:180612:63: runtime error: signed integer overflow: 2147483647 + 1 cannot be represented in type 'int'
Segmentation fault (core dumped)",https://github.com/sqlite/sqlite/commit/acdda1075da9dc6c53a9191b4c03711027a66030,CVE-2025-?????
50,40,Sqlite,\++,int variable ++,sqlite3.c,180846,sqlite3GetToken,          while( z[i] && z[i]!='\'' ){ i++; },1,3,./configure --enable-debug "CFLAGS=-O0 -g -fsanitize=signed-integer-overflow",Python,"sqlite3.c:180846:41: runtime error: signed integer overflow: 2147483647 + 1 cannot be represented in type 'int'
Segmentation fault (core dumped)",https://github.com/sqlite/sqlite/commit/acdda1075da9dc6c53a9191b4c03711027a66030,CVE-2025-?????
51,41,Sqlite,\++,int variable ++,sqlite3.c,180786,sqlite3GetToken,"      for(i=1, c=z[0]; c!=']' && (c=z[i])!=0; i++){}",1,3,./configure --enable-debug "CFLAGS=-O0 -g -fsanitize=signed-integer-overflow",Python,"sqlite3.c:180786:48: runtime error: signed integer overflow: 2147483647 + 1 cannot be represented in type 'int'
Segmentation fault (core dumped)",https://github.com/sqlite/sqlite/commit/acdda1075da9dc6c53a9191b4c03711027a66030,CVE-2025-?????
52,42,Sqlite,*,int literal * int variable,sqlite3.c,129981,contextMalloc,testcase( nByte==db->aLimit[SQLITE_LIMIT_LENGTH]+1 );,0,5,"./configure --enable-debug --enable-fts5 \
 ""CFLAGS=-O0 -g -fsanitize=signed-integer-overflow \
  -DSQLITE_MAX_SQL_LENGTH=2147483647 \
  -DSQLITE_MAX_LENGTH=2147483647"" \
&& make",SQL,"sqlite3.c:129981:3: runtime error: signed integer overflow: 2147483647 + 1 cannot be repre
sented in type 'int'",https://github.com/sqlite/sqlite/commit/9c0770537f5227078ca1cafa53b877db5e106b85,-
53,43,Sqlite,\++,int variable ++,shell.c,25691,readHexDb,nLine++;,1,3,./configure --enable-debug "CFLAGS=-O0 -g -fsanitize=signed-integer-overflow",Python,"shell.c:25691:12: runtime error: signed integer overflow: 2147483647 + 1 cannot be represented in type 'int'
Error on line -2147483646 of --hexdb input",https://github.com/sqlite/sqlite/commit/9c0770537f5227078ca1cafa53b877db5e106b85,-
54,44,Sqlite,\++,int variable ++,shell.c,25644,readHexDb,nLine++;,1,3,./configure --enable-debug "CFLAGS=-O0 -g -fsanitize=signed-integer-overflow",Python,shell.c:25501:8: runtime error: signed integer overflow: 2147483647 + 1 cannot be represented in type 'int',https://github.com/sqlite/sqlite/commit/9c0770537f5227078ca1cafa53b877db5e106b85,-
55,45,Sqlite,\++,int variable ++,shell.c,25658,readHexDb,nLine++;,1,3,./configure --enable-debug "CFLAGS=-O0 -g -fsanitize=signed-integer-overflow",Python,shell.c:25514:12: runtime error: signed integer overflow: 2147483647 + 1 cannot be represented in type 'int',https://github.com/sqlite/sqlite/commit/9c0770537f5227078ca1cafa53b877db5e106b85,-
56,46,Sqlite,\--,int variable --,shell.c,29509,do_meta_command,nSkip--,0,5,./configure --enable-debug "CFLAGS=-O0 -g -fsanitize=signed-integer-overflow",SQL,shell.c:29466:18: runtime error: signed integer overflow: -2147483648 - 1 cannot be represented in type 'int',https://github.com/sqlite/sqlite/commit/9c0770537f5227078ca1cafa53b877db5e106b85,-
57,47,Sqlite,\+,int literal * int variable,sqlite3.c,95342,sqlite3VdbeExec,"  if( sqlite3VdbeMemGrow(pOut, (int)nByte+2, pOut==pIn2) ){",0,5,"./configure --enable-debug --enable-fts5 \
 ""CFLAGS=-O0 -g -fsanitize=signed-integer-overflow \
  -DSQLITE_MAX_SQL_LENGTH=2147483647 \
  -DSQLITE_MAX_LENGTH=2147483647"" \
&& make",SQL,sqlite3.c:95342:7: runtime error: signed integer overflow: 2147483646 + 2 cannot be represented in type 'int,https://github.com/sqlite/sqlite/commit/ffbfc27fab6b27123e83922413cd7102bbc77917,-
58,48,Sqlite,\--,int variable --,shell.c,29509,do_meta_command,nSkip--,0,5,./configure --enable-debug "CFLAGS=-O0 -g -fsanitize=signed-integer-overflow",SQL,shell.c:29466:18: runtime error: signed integer overflow: -9223372036854775808 - 1 cannot be represented in type 'int64',https://github.com/sqlite/sqlite/commit/cb36dc3f3e4f5c72aea074e98b1bd87381bf80fa,-
59,49,libxml2,\+=,int variable+= int literal,HTMLparser.c,2620,htmlParseData,col += 1,1,3,"./autogen.sh && ./configure ""CFLAGS=-O0 -g -fsanitize=signed-integer-overflow"" && make && make install
gcc -g -fsanitize=address poc.c -o poc \
  -I/usr/local/include/libxml2 \
  -L/usr/local/lib \
  -lxml2 \
  -Wl,-rpath=/usr/local/lib \
  -Wl,-rpath=/lib/x86_64-linux-gnu",Python & C,HTMLparser.c:2620:17: runtime error: signed integer overflow: 2147483647 + 1 cannot be represented in type 'int',https://gitlab.gnome.org/GNOME/libxml2/-/issues/997,-
60,50,libxml2,\+=,int variable+= int literal,HTMLparser.c,2720,htmlParseData,line += 1;,1,3,"./autogen.sh && ./configure ""CFLAGS=-O0 -g -fsanitize=signed-integer-overflow"" && make && make install
gcc -g -fsanitize=address poc.c -o poc \
  -I/usr/local/include/libxml2 \
  -L/usr/local/lib \
  -lxml2 \
  -Wl,-rpath=/usr/local/lib \
  -Wl,-rpath=/lib/x86_64-linux-gnu",Python & C,"parsing 2147483681 bytes ...
HTMLparser.c:2720:22: runtime error: signed integer overflow: 2147483647 + 1 cannot be represented in type 'int'
parse done, freeing",https://gitlab.gnome.org/GNOME/libxml2/-/issues/997,-
61,51,libxml2,\+=,int variable+= int literal,HTMLparser.c,3040,htmlParseCharData,col += 1;,1,3,"./autogen.sh && ./configure ""CFLAGS=-O0 -g -fsanitize=signed-integer-overflow"" && make && make install
gcc -g -fsanitize=address poc.c -o poc \
  -I/usr/local/include/libxml2 \
  -L/usr/local/lib \
  -lxml2 \
  -Wl,-rpath=/usr/local/lib \
  -Wl,-rpath=/lib/x86_64-linux-gnu",Python & C,HTMLparser.c:3040:25: runtime error: signed integer overflow: 2147483647 + 1 cannot be represented in type 'int',https://gitlab.gnome.org/GNOME/libxml2/-/issues/1005,CVE-todo
62,52,libxml2,\+=,int variable+= int literal,HTMLparser.c,3053,htmlParseCharData,col += 1;,1,3,"./autogen.sh && ./configure ""CFLAGS=-O0 -g -fsanitize=signed-integer-overflow"" && make && make install
gcc -g -fsanitize=address poc.c -o poc \
  -I/usr/local/include/libxml2 \
  -L/usr/local/lib \
  -lxml2 \
  -Wl,-rpath=/usr/local/lib \
  -Wl,-rpath=/lib/x86_64-linux-gnu",Python & C,HTMLparser.c:3053:17: runtime error: signed integer overflow: 2147483647 + 1 cannot be represented in type 'int',https://gitlab.gnome.org/GNOME/libxml2/-/issues/1005,CVE-todo
63,53,libxml2,\+=,int variable+= int literal,HTMLparser.c,3259,htmlParseCharData,line += 1;,1,3,"./autogen.sh && ./configure ""CFLAGS=-O0 -g -fsanitize=signed-integer-overflow"" && make && make install
gcc -g -fsanitize=address poc.c -o poc \
  -I/usr/local/include/libxml2 \
  -L/usr/local/lib \
  -lxml2 \
  -Wl,-rpath=/usr/local/lib \
  -Wl,-rpath=/lib/x86_64-linux-gnu",Python & C,HTMLparser.c:3259:22: runtime error: signed integer overflow: 2147483647 + 1 cannot be represented in type 'int',https://gitlab.gnome.org/GNOME/libxml2/-/issues/1005,-
64,54,libxml2,\++,int variable ++,HTMLparser.c,457,htmlSkipBlankChars,line++;,1,3,"./autogen.sh && ./configure ""CFLAGS=-O0 -g -fsanitize=signed-integer-overflow"" && make && make install
gcc -g -fsanitize=address poc.c -o poc \
  -I/usr/local/include/libxml2 \
  -L/usr/local/lib \
  -lxml2 \
  -Wl,-rpath=/usr/local/lib \
  -Wl,-rpath=/lib/x86_64-linux-gnu",Python & C,HTMLparser.c:457:17: runtime error: signed integer overflow: 2147483647 + 1 cannot be represented in type 'int',https://gitlab.gnome.org/GNOME/libxml2/-/issues/1006,-
65,57,libxml2,\++,int variable ++,HTMLparser.c,460,htmlSkipBlankChars,col++;,1,3,"./autogen.sh && ./configure ""CFLAGS=-O0 -g -fsanitize=signed-integer-overflow"" && make && make install
gcc -g -fsanitize=address poc.c -o poc \
  -I/usr/local/include/libxml2 \
  -L/usr/local/lib \
  -lxml2 \
  -Wl,-rpath=/usr/local/lib \
  -Wl,-rpath=/lib/x86_64-linux-gnu",Python & C,HTMLparser.c:460:16: runtime error: signed integer overflow: 2147483647 + 1 cannot be represented in type 'int',https://gitlab.gnome.org/GNOME/libxml2/-/issues/1006,-
66,58,libxml2,\+=,int variable+= int literal,HTMLparser.c,3483,htmlSkipBogusDoctype,col += 1;,1,3,"./autogen.sh && ./configure ""CFLAGS=-O0 -g -fsanitize=signed-integer-overflow"" && make && make install
gcc -g -fsanitize=address poc.c -o poc \
  -I/usr/local/include/libxml2 \
  -L/usr/local/lib \
  -lxml2 \
  -Wl,-rpath=/usr/local/lib \
  -Wl,-rpath=/lib/x86_64-linux-gnu",Python & C,HTMLparser.c:3483:13: runtime error: signed integer overflow: 2147483647 + 1 cannot be represented in type 'int',https://gitlab.gnome.org/GNOME/libxml2/-/issues/1007,-
67,59,libxml2,\+=,int variable+= int literal,HTMLparser.c,3490,htmlSkipBogusDoctype,line += 1;,1,3,"./autogen.sh && ./configure ""CFLAGS=-O0 -g -fsanitize=signed-integer-overflow"" && make && make install
gcc -g -fsanitize=address poc.c -o poc \
  -I/usr/local/include/libxml2 \
  -L/usr/local/lib \
  -lxml2 \
  -Wl,-rpath=/usr/local/lib \
  -Wl,-rpath=/lib/x86_64-linux-gnu",Python & C,HTMLparser.c:3490:18: runtime error: signed integer overflow: 2147483647 + 1 cannot be represented in type 'int',https://gitlab.gnome.org/GNOME/libxml2/-/issues/1007,-
68,60,libxml2,\+=,int variable+= int literal,parser.c,4574,xmlParseCharDataInternal,ccol++;,1,3,"./autogen.sh && ./configure ""CFLAGS=-O0 -g -fsanitize=signed-integer-overflow"" && make && make install
gcc -g -fsanitize=address poc.c -o poc \
  -I/usr/local/include/libxml2 \
  -L/usr/local/lib \
  -lxml2 \
  -Wl,-rpath=/usr/local/lib \
  -Wl,-rpath=/lib/x86_64-linux-gnu",Python & C,parser.c:4574:17: runtime error: signed integer overflow: 2147483647 + 1 cannot be represented in type 'int',https://gitlab.gnome.org/GNOME/libxml2/-/issues/1008,-
69,61,libxml2,\++,int variable ++,parser.c,4551,xmlParseCharDataInternal,ctxt->input->line++;,1,3,"./autogen.sh && ./configure ""CFLAGS=-O0 -g -fsanitize=signed-integer-overflow"" && make && make install
gcc -g -fsanitize=address poc.c -o poc \
  -I/usr/local/include/libxml2 \
  -L/usr/local/lib \
  -lxml2 \
  -Wl,-rpath=/usr/local/lib \
  -Wl,-rpath=/lib/x86_64-linux-gnu",Python & C,"parser.c:4551:34: runtime error: signed integer overflow: 2147483647 + 1 cannot be represented in type 'int'
",https://gitlab.gnome.org/GNOME/libxml2/-/issues/1008,-
70,62,libxml2,\++,int variable ++,parser.c,4548,xmlParseCharDataInternal,ctxt->input->col++;,1,3,"./autogen.sh && ./configure ""CFLAGS=-O0 -g -fsanitize=signed-integer-overflow"" && make && make install
gcc -g -fsanitize=address poc.c -o poc \
  -I/usr/local/include/libxml2 \
  -L/usr/local/lib \
  -lxml2 \
  -Wl,-rpath=/usr/local/lib \
  -Wl,-rpath=/lib/x86_64-linux-gnu",Python & C,parser.c:4548:53: runtime error: signed integer overflow: 2147483647 + 1 cannot be represented in type 'int',https://gitlab.gnome.org/GNOME/libxml2/-/issues/1008,-
71,63,libxml2,\+=,int variable+= int literal,xmlwriter.c,4332,xmlTextWriterWriteFormatAttributeNS,size += BUFSIZ;,1,3,"./autogen.sh && ./configure ""CFLAGS=-O0 -g -fsanitize=signed-integer-overflow"" && make && make install
gcc -g -fsanitize=address poc.c -o poc \
  -I/usr/local/include/libxml2 \
  -L/usr/local/lib \
  -lxml2 \
  -Wl,-rpath=/usr/local/lib \
  -Wl,-rpath=/lib/x86_64-linux-gnu",C,xmlwriter.c:4332:14: runtime error: signed integer overflow: 2147475456 + 8192 cannot be represented in type 'int',https://gitlab.gnome.org/GNOME/libxml2/-/issues/1002,-
72,64,libplist,\++,int variable ++,base64.c,111,base64decode,                                outbuf[p++] = (unsigned char)(((w3 << 6) + w4) & 0xFF);,1,3,"./configure --prefix=/home/xxx/lib ""CFLAGS=-O0 -g -fsanitize=signed-integer-overflow,address"" && make && make install",Python & C,"AddressSanitizer:DEADLYSIGNAL
=================================================================
==3344503==ERROR: AddressSanitizer: SEGV on unknown address 0x7f82e27a4800 (pc 0x563a569429f8 bp 0x7ffc3d004480 sp 0x7ffc3d0043b0 T0)
==3344503==The signal is caused by a WRITE memory access.
    #0 0x563a569429f8 in base64decode /data/xxx/Projects/libplist/src/base64.c:111
    #1 0x563a56941af7 in main (/data/xxx/Projects/libplist/plist_base64_only+0x2af7)
    #2 0x7f853b3f6d8f in __libc_start_call_main ../sysdeps/nptl/libc_start_call_main.h:58
    #3 0x7f853b3f6e3f in __libc_start_main_impl ../csu/libc-start.c:392
    #4 0x563a56941464 in _start (/data/xxx/Projects/libplist/plist_base64_only+0x2464)

AddressSanitizer can not provide additional info.
SUMMARY: AddressSanitizer: SEGV /data/xxx/Projects/libplist/src/base64.c:111 in base64decode
==3344503==ABORTING",https://github.com/libimobiledevice/libplist/issues/279,CVE-2025-?????
73,65,libplist,\++,int variable ++,bplist.c,1132,plist_utf8_to_utf16be,                        outbuf[p++] = be16toh(((c2 & 0x3F) + ((c1 & 3) << 6)) + (((c1 >> 2) & 15) << 8) + ((c0 & 15) << 12)),1,3,"./configure --prefix=/home/xxx/lib ""CFLAGS=-O0 -g -fsanitize=signed-integer-overflow,address"" && make && make install",Python & C,AddressSanitizer:DEADLYSIGNAL,https://github.com/libimobiledevice/libplist/issues/279,CVE-2025-?????
74,66,libplist,\++,int variable ++,bplist.c,410,plist_utf16be_to_utf8,                                outbuf[p++] = (char)(0x80 + (w & 0x3F));,1,3,"./configure --prefix=/home/xxx/lib ""CFLAGS=-O0 -g -fsanitize=signed-integer-overflow,address"" && make && make install",-,AddressSanitizer:DEADLYSIGNAL,https://github.com/libimobiledevice/libplist/issues/279,CVE-2025-?????
75,67,libplist,\++,int variable ++,oplist.c,767,node_from_openstep,num_escapes++;,1,3,"./configure --prefix=/home/xxx/lib ""CFLAGS=-O0 -g -fsanitize=signed-integer-overflow,address"" && make && make install",Python & C,"./parse_ascii_plist /data/xxx/Projects/libplist/test++/3.plist
oplist.c:767:32: runtime error: signed integer overflow: 2147483647 + 1 cannot be represented in type 'int'",https://github.com/libimobiledevice/libplist/issues/280,CVE-2025-?????
76,68,libplist,NA,NA,plistutil.c,281,main,"int read_size = 0;
read_size = fread(plist_entire, sizeof(char), filestats.st_size, iplist);",1,5,"./configure --prefix=/home/xxx/lib ""CFLAGS=-O0 -g -fsanitize=signed-integer-overflow,address"" && make && make install",Python,"AddressSanitizer:DEADLYSIGNAL
=================================================================
==2449591==ERROR: AddressSanitizer: SEGV on unknown address 0x7efe0e7fe800 (pc 0x5565f1377033 bp 0x7ffce2f8b3d0 sp 0x7ffce2f8b1c0 T0)
==2449591==The signal is caused by a WRITE memory access.
    #0 0x5565f1377033 in main /data/xxx/Projects/libplist/tools/plistutil.c:282
    #1 0x7eff11dd5d8f in __libc_start_call_main ../sysdeps/nptl/libc_start_call_main.h:58
    #2 0x7eff11dd5e3f in __libc_start_main_impl ../csu/libc-start.c:392
    #3 0x5565f13756a4 in _start (/data/xxx/Projects/libplist/tools/.libs/plistutil+0x36a4)

AddressSanitizer can not provide additional info.
SUMMARY: AddressSanitizer: SEGV /data/xxx/Projects/libplist/tools/plistutil.c:282 in main
==2449591==ABORTING",https://github.com/libimobiledevice/libplist/issues/278,CVE-2025-?????
77,69,libplist,\+=,int variable += int literal,plistutil.c,232,main,               read_capacity += 4096;,1,3,"./configure --prefix=/home/xxx/lib ""CFLAGS=-O0 -g -fsanitize=signed-integer-overflow,address"" && make && make install",Python,"Breakpoint 1, main (argc=1, argv=0x7fffffffe038) at plistutil.c:232
232                     read_capacity += 4096;
(gdb) n
plistutil.c:232:31: runtime error: signed integer overflow: 2147479552 + 4096 cannot be represented in type 'int'
233                     plist_entire = realloc(plist_entire, sizeof(char) * read_capacity);",https://github.com/libimobiledevice/libplist/issues/278,CVE-2025-?????
78,70,libplist,NA,NA,xplist.c,1069,node_from_xml,int taglen = ctx->pos - p;,1,3,"./configure --prefix=/home/xxx/lib ""CFLAGS=-O0 -g -fsanitize=signed-integer-overflow,address"" && make && make install",Python & C,"./poc /data/xxx/Projects/libplist/test++/5.plist
=================================================================
==1042487==ERROR: AddressSanitizer: requested allocation size 0xffffffff80000005 (0xffffffff80001008 after adjustments for alignment, red zones etc.) exceeds maximum supported size of 0x10000000000 (thread T0)
    #0 0x7ff5a4768887 in __interceptor_malloc ../../../../src/libsanitizer/asan/asan_malloc_linux.cpp:145
    #1 0x7ff5a465f242 in node_from_xml /data/xxx/Projects/libplist/src/xplist.c:1070
    #2 0x7ff5a4662acf in plist_from_xml /data/xxx/Projects/libplist/src/xplist.c:1486
    #3 0x7ff5a4685e3d in plist_from_memory /data/xxx/Projects/libplist/src/plist.c:290
    #4 0x555e4414c812 in main /data/xxx/Projects/libplist/poc.c:37
    #5 0x7ff5a3e05d8f in __libc_start_call_main ../sysdeps/nptl/libc_start_call_main.h:58

==1042487==HINT: if you don't care about these errors you may set allocator_may_return_null=1
SUMMARY: AddressSanitizer: allocation-size-too-big ../../../../src/libsanitizer/asan/asan_malloc_linux.cpp:145 in __interceptor_malloc
==1042487==ABORTING",https://github.com/libimobiledevice/libplist/issues/281,CVE-2025-?????
79,71,libplist,NA,NA,jplist.c,749,parse_object,"char* key = unescape_string(js + ti->tokens[j].start, ti->tokens[j].end - ti->tokens[j].start, NULL);",1,5,"./configure --prefix=/home/xxx/lib ""CFLAGS=-O0 -g -fsanitize=signed-integer-overflow,address"" && make && make install",Python & C,"AddressSanitizer: heap-buffer-overflow ...
READ of size 1 ...
0x7fa4606fb81c is located 0 bytes to the right of 2147483676-byte region ...
SUMMARY: AddressSanitizer: heap-buffer-overflow in unescape_string",https://github.com/libimobiledevice/libplist/issues/282,CVE-todo
80,72,libplist,\+=,int variable+= int literal,jplist.c,820,plist_from_json,maxtoks+=16;,1,3,"./configure --prefix=/home/xxx/lib ""CFLAGS=-O0 -g -fsanitize=signed-integer-overflow,address"" && make && make install",Python & C,"820                 maxtoks+=16;
(gdb) n
jplist.c:820:20: runtime error: signed integer overflow: 2147483632 + 16 cannot be represented in type 'int'
821                 continue;",https://github.com/libimobiledevice/libplist/issues/282,CVE-todo
81,73,v8,NA,NA,d8.cc,5228,Shell::ReadFile,int size = static_cast<int>(file->size());,1,5,default,Python,"\==== C stack trace ===============================
/home/xxx/CProjects/v8/out.gn/x64.debug/libv8_libbase.so(_ZN2v84base5debug10StackTraceC1Ev+0x1e)[0x7f064a89fd5e]
/home/xxx/CProjects/v8/out.gn/x64.debug/libv8_libbase.so(+0x77cb3)[0x7f064a89fcb3]
/lib/x86_64-linux-gnu/libc.so.6(+0x42520)[0x7f064a016520]
/lib/x86_64-linux-gnu/libc.so.6(+0x1b21f0)[0x7f064a1861f0]
/home/xxx/CProjects/v8/out.gn/x64.debug/libv8.so(+0x8d397f5)[0x7f06535eb7f5]
/home/xxx/CProjects/v8/out.gn/x64.debug/libv8.so(_ZN2v86String11NewFromUtf8EPNS_7IsolateEPKcNS_13NewStringTypeEi+0x13d)[0x7f06535eb6ed]
./d8(_ZN2v85Shell8ReadFileEPNS_7IsolateEPKcb+0x11f)[0x5633da27626f]
./d8(_ZN2v811SourceGroup7ExecuteEPNS_7IsolateE+0x360)[0x5633da28fca0]
./d8(_ZN2v85Shell14RunMainIsolateEPNS_7IsolateEb+0x21c)[0x5633da294cdc]
./d8(_ZN2v85Shell7RunMainEPNS_7IsolateEb+0xb7)[0x5633da294837]
./d8(_ZN2v85Shell4MainEiPPc+0xf35)[0x5633da296385]
./d8(main+0x22)[0x5633da296942]
/lib/x86_64-linux-gnu/libc.so.6(+0x29d90)[0x7f0649ffdd90]
/lib/x86_64-linux-gnu/libc.so.6(__libc_start_main+0x80)[0x7f0649ffde40]
./d8(_start+0x2a)[0x5633da23afea]
[end of stack trace]
Segmentation fault (core dumped)",https://github.com/v8/v8/commit/490abeb40936273f345d7fbbafa5f8c0ca007623,-
